regid,fid,categoria,latitud,longitud
Costa_Rica,"1",cafe,9.027670,-83.016185
Panama,"2",cafe,8.822749,-82.845775
Costa_Rica,"3",cafe,8.798082,-82.874305
Panama,"4",cafe,8.794705,-82.824445
Panama,"5",cafe,8.813717,-82.484111
Panama,"6",cafe,8.787759,-82.416781
Panama,"7",cafe,8.864390,-82.744750
Costa_Rica,"8",cafe,10.036148,-84.474052
Costa_Rica,"9",cafe,10.055264,-84.483176
Costa_Rica,"10",cafe,10.060950,-84.488858
Costa_Rica,"11",cafe,10.070556,-84.477146
Costa_Rica,"12",cafe,10.079432,-84.493924
Costa_Rica,"13",cafe,10.087494,-84.543137
Costa_Rica,"14",cafe,10.098649,-84.551450
Costa_Rica,"15",cafe,10.106409,-84.551314
Costa_Rica,"16",cafe,10.110433,-84.557114
Costa_Rica,"17",cafe,10.111919,-84.537001
Costa_Rica,"18",cafe,10.121205,-84.544024
Costa_Rica,"19",cafe,10.121229,-84.530575
Costa_Rica,"20",cafe,10.119796,-84.506711
Costa_Rica,"21",cafe,10.125369,-84.482043
Costa_Rica,"22",cafe,10.138615,-84.516070
Costa_Rica,"23",cafe,10.117635,-84.434480
Costa_Rica,"24",cafe,9.992394,-84.470691
Costa_Rica,"25",cafe,10.017042,-84.478562
Costa_Rica,"26",cafe,10.030809,-84.481388
Costa_Rica,"27",cafe,10.085340,-84.430926
Costa_Rica,"28",cafe,10.127301,-84.557569
Costa_Rica,"29",cafe,10.099604,-84.573692
Costa_Rica,"30",cafe,10.144017,-84.471058
Panama,"31",cafe,8.766580,-82.491363
Panama,"32",cafe,8.756151,-82.492268
Panama,"33",cafe,8.750465,-82.507260
Panama,"34",cafe,8.740572,-82.503175
Panama,"35",cafe,8.771978,-82.416366
Costa_Rica,"36",cafe,8.900496,-82.738136
Panama,"37",cafe,8.829092,-82.624797
Costa_Rica,"38",cafe,9.023207,-83.011300
Costa_Rica,"39",cafe,9.349776,-83.611143
Costa_Rica,"40",bosque,10.986299,-85.476306
Costa_Rica,"41",bosque,10.936474,-85.467586
Costa_Rica,"42",bosque,10.902288,-85.436722
Costa_Rica,"43",bosque,10.979240,-85.437138
Costa_Rica,"44",bosque,10.847203,-85.377347
Costa_Rica,"45",bosque,10.851217,-85.347867
Costa_Rica,"46",bosque,10.822983,-85.374026
Costa_Rica,"47",bosque,10.850663,-85.316450
Costa_Rica,"48",bosque,10.832533,-85.285862
Costa_Rica,"49",bosque,10.804852,-85.345099
Costa_Rica,"50",bosque,10.806236,-85.322955
Costa_Rica,"51",bosque,10.786444,-85.351327
Costa_Rica,"52",bosque,10.778832,-85.332228
Costa_Rica,"53",bosque,10.794887,-85.326138
Costa_Rica,"54",bosque,10.786583,-85.310637
Costa_Rica,"55",bosque,10.773019,-85.284340
Costa_Rica,"56",bosque,10.750736,-85.281987
Costa_Rica,"57",bosque,10.807066,-85.272852
Costa_Rica,"58",bosque,10.833086,-85.309391
Costa_Rica,"59",bosque,10.760424,-85.313128
Costa_Rica,"60",bosque,10.766791,-85.338317
Costa_Rica,"61",bosque,10.758763,-85.166835
Costa_Rica,"62",bosque,10.739941,-85.156455
Costa_Rica,"63",bosque,10.730944,-85.173063
Costa_Rica,"64",bosque,10.748106,-85.104692
Costa_Rica,"65",bosque,10.760424,-85.144137
Costa_Rica,"66",bosque,10.785060,-85.125868
Costa_Rica,"67",bosque,10.707139,-85.127113
Costa_Rica,"68",bosque,10.720426,-85.156040
Costa_Rica,"69",bosque,10.678875,-85.119015
Costa_Rica,"70",bosque,10.671460,-85.120184
Costa_Rica,"71",bosque,10.672299,-85.129100
Costa_Rica,"72",bosque,10.674351,-85.135720
Costa_Rica,"73",bosque,10.684657,-85.109592
Costa_Rica,"74",bosque,10.693793,-85.098337
Costa_Rica,"75",bosque,10.709320,-85.090746
Costa_Rica,"76",bosque,10.713438,-85.086786
Costa_Rica,"77",bosque,10.717756,-85.089187
Costa_Rica,"78",bosque,10.721158,-85.087481
Costa_Rica,"79",bosque,10.709277,-85.097897
Costa_Rica,"80",bosque,10.726738,-85.097865
Costa_Rica,"81",bosque,10.730498,-85.092466
Costa_Rica,"82",bosque,10.734249,-85.094416
Costa_Rica,"83",bosque,10.735926,-85.106724
Costa_Rica,"84",bosque,10.659755,-85.041425
Costa_Rica,"85",bosque,10.674040,-85.046049
Costa_Rica,"86",bosque,10.691661,-85.040312
Costa_Rica,"87",bosque,10.705360,-85.038146
Costa_Rica,"88",bosque,10.711390,-85.014963
Costa_Rica,"89",bosque,10.692890,-84.999508
Costa_Rica,"90",bosque,10.679777,-85.031531
Costa_Rica,"91",bosque,10.667776,-85.029131
Costa_Rica,"92",bosque,10.653784,-85.022106
Costa_Rica,"93",bosque,10.647051,-85.005772
Costa_Rica,"94",bosque,10.673513,-85.001557
Costa_Rica,"95",bosque,10.648691,-84.970413
Costa_Rica,"96",bosque,10.634348,-84.980950
Costa_Rica,"97",bosque,10.619829,-85.000328
Costa_Rica,"98",bosque,10.614853,-84.982238
Costa_Rica,"99",bosque,10.601622,-84.987390
Costa_Rica,"100",bosque,10.590616,-84.995644
Costa_Rica,"101",bosque,10.585289,-84.984521
Costa_Rica,"102",bosque,10.598344,-84.975213
Costa_Rica,"103",bosque,10.581308,-84.965436
Costa_Rica,"104",bosque,10.595944,-84.965788
Costa_Rica,"105",bosque,10.606423,-84.971993
Costa_Rica,"106",bosque,10.623400,-84.964792
Costa_Rica,"107",bosque,10.615263,-84.956245
Costa_Rica,"108",bosque,10.602384,-84.954665
Costa_Rica,"109",bosque,10.592665,-84.950567
Costa_Rica,"110",bosque,10.584470,-84.943073
Costa_Rica,"111",bosque,10.594597,-84.984931
Costa_Rica,"112",bosque,10.589094,-84.932067
Costa_Rica,"113",bosque,10.602325,-84.947815
Costa_Rica,"114",bosque,10.610287,-84.945415
Costa_Rica,"115",bosque,10.603730,-84.937629
Costa_Rica,"116",bosque,10.601505,-84.924808
Costa_Rica,"117",bosque,10.597759,-84.916027
Costa_Rica,"118",bosque,10.595593,-84.906777
Costa_Rica,"119",bosque,10.603379,-84.913217
Costa_Rica,"120",bosque,10.612746,-84.922993
Costa_Rica,"121",bosque,10.619185,-84.922759
Costa_Rica,"122",bosque,10.619536,-84.929901
Costa_Rica,"123",bosque,10.630542,-84.930721
Costa_Rica,"124",bosque,10.420703,-84.796224
Costa_Rica,"125",bosque,10.404307,-84.817163
Costa_Rica,"126",bosque,10.399566,-84.784174
Costa_Rica,"127",bosque,10.371121,-84.795237
Costa_Rica,"128",bosque,10.385936,-84.763433
Costa_Rica,"129",bosque,10.364404,-84.779631
Costa_Rica,"130",bosque,10.398973,-84.728271
Costa_Rica,"131",bosque,10.418727,-84.684220
Costa_Rica,"132",bosque,10.368750,-84.740321
Costa_Rica,"133",bosque,10.390677,-84.704764
Costa_Rica,"134",bosque,10.386331,-84.658145
Costa_Rica,"135",bosque,10.372306,-84.686196
Costa_Rica,"136",bosque,10.344058,-84.754346
Costa_Rica,"137",bosque,10.317983,-84.780816
Costa_Rica,"138",bosque,10.272154,-84.771730
Costa_Rica,"139",bosque,10.311662,-84.726296
Costa_Rica,"140",bosque,10.263265,-84.741704
Costa_Rica,"141",bosque,10.306921,-84.693900
Costa_Rica,"142",bosque,10.267018,-84.681455
Costa_Rica,"143",bosque,10.296451,-84.664664
Costa_Rica,"144",bosque,10.317588,-84.640169
Costa_Rica,"145",bosque,10.288945,-84.624959
Costa_Rica,"146",bosque,10.258129,-84.653799
Costa_Rica,"147",bosque,10.257734,-84.608958
Costa_Rica,"148",bosque,10.228498,-84.652219
Costa_Rica,"149",bosque,10.230869,-84.603230
Costa_Rica,"150",bosque,10.206374,-84.647873
Costa_Rica,"151",bosque,10.183064,-84.639181
Costa_Rica,"152",bosque,10.372108,-84.712073
Costa_Rica,"153",bosque,10.422876,-84.710493
Costa_Rica,"154",bosque,10.214275,-84.622193
Costa_Rica,"155",bosque,10.118169,-84.706499
Costa_Rica,"156",bosque,10.123219,-84.699449
Costa_Rica,"157",bosque,10.113907,-84.695030
Costa_Rica,"158",bosque,10.126533,-84.691032
Costa_Rica,"159",bosque,10.136371,-84.686350
Costa_Rica,"160",bosque,10.134845,-84.695609
Costa_Rica,"161",bosque,10.139685,-84.695925
Costa_Rica,"162",bosque,10.143947,-84.692242
Costa_Rica,"163",bosque,10.141001,-84.687402
Costa_Rica,"164",bosque,10.145998,-84.683562
Costa_Rica,"165",bosque,10.149260,-84.687718
Costa_Rica,"166",bosque,10.148892,-84.693715
Costa_Rica,"167",bosque,10.147577,-84.707288
Costa_Rica,"168",bosque,10.141790,-84.712233
Costa_Rica,"169",bosque,10.152048,-84.696188
Costa_Rica,"170",bosque,10.160150,-84.693189
Costa_Rica,"171",bosque,10.165200,-84.680668
Costa_Rica,"172",bosque,10.161307,-84.682930
Costa_Rica,"173",bosque,10.154784,-84.678459
Costa_Rica,"174",bosque,10.118432,-84.697240
Costa_Rica,"175",bosque,10.108120,-84.689191
Costa_Rica,"176",bosque,10.102807,-84.686087
Costa_Rica,"177",bosque,10.113118,-84.683299
Costa_Rica,"178",bosque,10.123114,-84.674776
Costa_Rica,"179",bosque,10.125271,-84.681089
Costa_Rica,"180",bosque,10.132741,-84.679563
Costa_Rica,"181",bosque,10.127480,-84.673987
Costa_Rica,"182",bosque,10.132583,-84.672303
Costa_Rica,"183",bosque,10.138896,-84.670515
Costa_Rica,"184",bosque,10.145683,-84.673671
Costa_Rica,"185",bosque,10.149155,-84.664149
Costa_Rica,"186",bosque,10.137055,-84.663202
Costa_Rica,"187",bosque,10.133162,-84.666359
Costa_Rica,"188",bosque,10.126902,-84.660203
Costa_Rica,"189",bosque,10.123429,-84.654837
Costa_Rica,"190",bosque,10.122745,-84.648472
Costa_Rica,"191",bosque,10.117958,-84.644737
Costa_Rica,"192",bosque,10.128322,-84.643527
Costa_Rica,"193",bosque,10.136318,-84.647472
Costa_Rica,"194",bosque,10.139212,-84.656153
Costa_Rica,"195",bosque,10.257430,-84.152277
Costa_Rica,"196",bosque,10.263499,-84.122539
Costa_Rica,"197",bosque,10.285044,-84.104939
Costa_Rica,"198",bosque,10.287168,-84.069132
Costa_Rica,"199",bosque,10.265926,-84.050318
Costa_Rica,"200",bosque,10.262892,-84.082483
Costa_Rica,"201",bosque,10.240740,-84.070649
Costa_Rica,"202",bosque,10.225567,-84.106153
Costa_Rica,"203",bosque,10.238009,-84.025434
Costa_Rica,"204",bosque,10.189456,-84.113739
Costa_Rica,"205",bosque,10.177318,-84.085518
Costa_Rica,"206",bosque,10.213429,-84.016938
Costa_Rica,"207",bosque,10.197043,-84.006013
Costa_Rica,"208",bosque,10.144545,-84.042124
Costa_Rica,"209",bosque,10.157897,-83.992965
Costa_Rica,"210",bosque,10.124518,-83.989627
Costa_Rica,"211",bosque,10.096903,-84.043338
Costa_Rica,"212",bosque,10.069289,-84.037573
Costa_Rica,"213",bosque,10.058365,-83.996910
Costa_Rica,"214",bosque,10.092352,-83.994179
Costa_Rica,"215",bosque,10.114807,-83.966868
Costa_Rica,"216",bosque,10.153042,-83.965958
Costa_Rica,"217",bosque,10.113290,-83.942289
Costa_Rica,"218",bosque,10.062613,-83.954123
Costa_Rica,"219",bosque,10.033178,-83.937737
Costa_Rica,"220",bosque,10.144545,-83.920743
Costa_Rica,"221",bosque,10.103883,-83.891612
Costa_Rica,"222",bosque,10.066255,-83.919530
Costa_Rica,"223",bosque,10.119966,-83.854894
Costa_Rica,"224",bosque,10.143008,-83.889602
Costa_Rica,"225",bosque,10.083889,-83.881318
Costa_Rica,"226",bosque,10.078742,-83.843537
Costa_Rica,"227",bosque,10.046359,-83.872783
Costa_Rica,"228",bosque,10.060919,-83.835630
Costa_Rica,"229",bosque,10.095060,-83.809898
Costa_Rica,"230",bosque,10.113887,-83.787305
Costa_Rica,"231",bosque,10.127820,-83.776762
Costa_Rica,"232",bosque,10.125561,-83.753666
Costa_Rica,"233",bosque,10.114641,-83.743499
Costa_Rica,"234",bosque,10.111001,-83.726931
Costa_Rica,"235",bosque,10.092424,-83.759440
Costa_Rica,"236",bosque,10.077613,-83.743374
Costa_Rica,"237",bosque,10.062927,-83.766720
Costa_Rica,"238",bosque,10.058911,-83.740361
Costa_Rica,"239",bosque,10.096064,-83.745005
Costa_Rica,"240",bosque,10.085018,-83.736847
Costa_Rica,"241",bosque,10.094432,-83.717391
Costa_Rica,"242",bosque,10.095687,-83.699066
Costa_Rica,"243",bosque,10.084642,-83.699317
Costa_Rica,"244",bosque,10.091671,-83.688146
Costa_Rica,"245",bosque,10.084014,-83.675343
Costa_Rica,"246",bosque,10.073847,-83.682999
Costa_Rica,"247",bosque,10.059664,-83.706220
Costa_Rica,"248",bosque,10.045355,-83.698815
Costa_Rica,"249",bosque,10.029414,-83.704589
Costa_Rica,"250",bosque,10.033807,-83.671326
Costa_Rica,"251",bosque,10.043974,-83.646725
Costa_Rica,"252",bosque,10.057655,-83.687644
Costa_Rica,"253",bosque,9.973558,-83.693543
Costa_Rica,"254",bosque,9.846162,-84.152476
Costa_Rica,"255",bosque,9.860293,-84.166664
Costa_Rica,"256",bosque,9.868681,-84.156980
Costa_Rica,"257",bosque,9.880392,-84.147072
Costa_Rica,"258",bosque,9.876000,-84.244131
Costa_Rica,"259",bosque,9.890863,-84.258713
Costa_Rica,"260",bosque,9.901729,-84.269917
Costa_Rica,"261",bosque,9.905726,-84.284948
Costa_Rica,"262",bosque,9.881461,-84.205004
Costa_Rica,"263",bosque,9.908260,-84.208719
Costa_Rica,"264",bosque,9.904375,-84.198923
Costa_Rica,"265",bosque,9.901898,-84.190197
Costa_Rica,"266",bosque,9.880335,-84.128943
Costa_Rica,"267",bosque,9.510277,-83.929328
Costa_Rica,"268",bosque,9.498635,-83.927578
Costa_Rica,"269",bosque,9.516745,-83.915251
Costa_Rica,"270",bosque,9.500689,-83.906424
Costa_Rica,"271",bosque,9.508755,-83.893868
Costa_Rica,"272",bosque,9.508527,-83.857419
Costa_Rica,"273",bosque,9.523746,-83.851407
Costa_Rica,"274",bosque,9.534856,-83.834743
Costa_Rica,"275",bosque,9.492623,-83.844407
Costa_Rica,"276",bosque,9.485470,-83.860539
Costa_Rica,"277",bosque,9.473447,-83.895923
Costa_Rica,"278",bosque,9.518876,-83.882834
Costa_Rica,"279",bosque,9.498406,-83.889074
Costa_Rica,"280",bosque,9.472991,-83.933361
Costa_Rica,"281",bosque,9.451608,-83.914414
Costa_Rica,"282",bosque,9.466599,-83.907185
Costa_Rica,"283",bosque,9.491101,-83.911674
Costa_Rica,"284",bosque,9.519865,-83.879410
Costa_Rica,"285",bosque,9.460511,-83.879638
Costa_Rica,"286",bosque,9.480905,-83.839461
Costa_Rica,"287",bosque,9.508299,-83.819600
Costa_Rica,"288",bosque,9.496276,-83.805903
Costa_Rica,"289",bosque,9.518419,-83.804685
Costa_Rica,"290",bosque,9.468653,-83.828731
Costa_Rica,"291",bosque,9.448032,-83.823481
Costa_Rica,"292",bosque,9.424062,-83.821654
Costa_Rica,"293",bosque,9.419344,-83.842733
Costa_Rica,"294",bosque,9.416605,-83.859854
Costa_Rica,"295",bosque,9.400473,-83.847374
Costa_Rica,"296",bosque,9.404125,-83.819828
Costa_Rica,"297",bosque,9.385406,-83.814806
Costa_Rica,"298",bosque,9.447727,-83.797913
Costa_Rica,"299",bosque,9.458000,-83.799815
Costa_Rica,"300",bosque,9.442020,-83.773943
Costa_Rica,"301",bosque,9.463631,-83.783912
Costa_Rica,"302",bosque,9.456402,-83.766866
Costa_Rica,"303",bosque,9.466142,-83.768160
Costa_Rica,"304",bosque,9.477861,-83.764203
Costa_Rica,"305",bosque,9.474969,-83.755452
Costa_Rica,"306",bosque,9.484253,-83.748223
Costa_Rica,"307",bosque,9.442279,-83.751598
Costa_Rica,"308",bosque,9.451395,-83.759007
Costa_Rica,"309",bosque,9.435861,-83.744862
Costa_Rica,"310",bosque,9.464109,-83.745134
Costa_Rica,"311",bosque,9.469637,-83.731998
Costa_Rica,"312",bosque,9.472547,-83.723518
Costa_Rica,"313",bosque,9.460575,-83.725139
Costa_Rica,"314",bosque,9.443823,-83.699076
Costa_Rica,"315",bosque,9.444156,-83.686979
Costa_Rica,"316",bosque,9.455213,-83.695501
Costa_Rica,"317",bosque,9.463153,-83.691676
Costa_Rica,"318",bosque,9.460825,-83.705020
Costa_Rica,"319",bosque,9.431727,-83.684277
Costa_Rica,"320",bosque,9.466852,-83.648195
Costa_Rica,"321",bosque,9.474376,-83.649650
Costa_Rica,"322",bosque,9.481568,-83.639715
Costa_Rica,"323",bosque,9.461074,-83.643748
Costa_Rica,"324",bosque,9.430355,-83.653766
Costa_Rica,"325",bosque,9.459204,-83.613402
Costa_Rica,"326",bosque,9.462945,-83.622797
Costa_Rica,"327",bosque,9.446899,-83.629074
Costa_Rica,"328",bosque,9.476621,-83.633563
Costa_Rica,"329",bosque,9.439999,-83.618141
Costa_Rica,"330",bosque,9.435759,-83.600516
Costa_Rica,"331",bosque,9.428193,-83.589084
Costa_Rica,"332",bosque,9.429690,-83.579316
Costa_Rica,"333",bosque,9.418217,-83.588461
Costa_Rica,"334",bosque,9.416679,-83.627577
Costa_Rica,"335",bosque,9.379436,-83.619505
Costa_Rica,"336",bosque,9.389582,-83.611286
Costa_Rica,"337",bosque,9.380461,-83.600335
Costa_Rica,"338",bosque,9.388851,-83.594018
Costa_Rica,"339",bosque,9.372290,-83.593848
Costa_Rica,"340",bosque,9.374778,-83.585799
Costa_Rica,"341",bosque,9.391924,-83.578824
Costa_Rica,"342",bosque,9.400948,-83.577580
Costa_Rica,"343",bosque,9.380070,-83.577848
Costa_Rica,"344",bosque,9.364388,-83.578605
Costa_Rica,"345",bosque,9.292694,-83.416266
Costa_Rica,"346",bosque,9.280198,-83.409671
Costa_Rica,"347",bosque,9.295124,-83.397452
Costa_Rica,"348",bosque,9.286516,-83.358088
Costa_Rica,"349",bosque,9.293111,-83.346772
Costa_Rica,"350",bosque,9.273325,-83.358713
Costa_Rica,"351",bosque,9.234447,-83.346911
Costa_Rica,"352",bosque,9.269021,-83.334345
Costa_Rica,"353",bosque,9.306510,-83.337191
Costa_Rica,"354",bosque,9.310537,-83.257283
Costa_Rica,"355",bosque,9.323033,-83.252632
Costa_Rica,"356",bosque,9.317687,-83.236109
Costa_Rica,"357",bosque,9.283183,-83.252146
Costa_Rica,"358",bosque,9.225422,-83.269155
Costa_Rica,"359",bosque,9.235836,-83.260269
Costa_Rica,"360",bosque,9.228754,-83.247980
Costa_Rica,"361",bosque,9.210079,-83.241663
Costa_Rica,"362",bosque,9.196472,-83.239441
Costa_Rica,"363",bosque,9.190640,-83.230485
Costa_Rica,"364",bosque,9.175158,-83.231318
Costa_Rica,"365",bosque,9.181754,-83.181610
Costa_Rica,"366",bosque,9.207649,-83.126973
Costa_Rica,"367",bosque,9.170715,-83.125376
Costa_Rica,"368",bosque,9.169604,-83.112394
Costa_Rica,"369",bosque,9.160787,-83.166337
Costa_Rica,"370",bosque,9.151554,-83.106146
Costa_Rica,"371",bosque,9.136281,-83.125515
Costa_Rica,"372",bosque,9.133087,-83.102952
Costa_Rica,"373",bosque,9.167522,-83.093719
Costa_Rica,"374",bosque,9.119410,-83.099203
Costa_Rica,"375",bosque,9.116980,-83.116421
Costa_Rica,"376",bosque,9.081088,-83.107673
Costa_Rica,"377",bosque,9.078727,-83.085596
Costa_Rica,"378",bosque,9.104484,-83.086082
Costa_Rica,"379",bosque,9.094140,-83.071503
Costa_Rica,"380",bosque,9.128505,-83.080111
Costa_Rica,"381",bosque,9.142668,-83.055257
Costa_Rica,"382",bosque,9.138641,-83.038040
Costa_Rica,"383",bosque,9.107955,-83.049565
Costa_Rica,"384",bosque,9.086086,-83.054771
Costa_Rica,"385",bosque,9.071993,-83.066296
Costa_Rica,"386",bosque,9.108649,-83.010340
Costa_Rica,"387",bosque,9.052068,-83.089206
Costa_Rica,"388",bosque,9.043182,-83.059978
Costa_Rica,"389",bosque,9.068175,-83.046510
Costa_Rica,"390",bosque,9.046792,-83.034222
Costa_Rica,"391",bosque,9.044848,-83.010409
Costa_Rica,"392",bosque,9.095736,-83.003814
Costa_Rica,"393",bosque,9.053734,-82.999509
Costa_Rica,"394",bosque,9.071230,-82.993539
Costa_Rica,"395",bosque,9.022146,-82.998537
Costa_Rica,"396",bosque,9.018328,-82.979862
Costa_Rica,"397",bosque,8.974451,-83.014574
Costa_Rica,"398",bosque,8.942794,-82.997843
Costa_Rica,"399",bosque,8.975285,-82.950287
Costa_Rica,"400",bosque,8.988684,-82.938971
Costa_Rica,"401",bosque,8.984379,-82.917033
Costa_Rica,"402",bosque,8.975423,-82.935291
Costa_Rica,"403",bosque,8.968273,-82.900648
Costa_Rica,"404",bosque,9.010136,-82.877183
Costa_Rica,"405",bosque,8.951819,-82.892734
Costa_Rica,"406",bosque,8.809743,-83.143181
Costa_Rica,"407",bosque,8.792809,-83.119782
Costa_Rica,"408",bosque,8.785889,-83.076536
Costa_Rica,"409",bosque,8.796268,-83.041484
Panama,"410",bosque,,
Costa_Rica,"411",bosque,8.894051,-83.077446
Costa_Rica,"412",bosque,8.865098,-83.119964
Costa_Rica,"413",bosque,8.804827,-83.087825
Costa_Rica,"414",bosque,8.795449,-82.972016
Costa_Rica,"415",bosque,8.757939,-83.000878
Panama,"416",bosque,8.762127,-82.883885
Costa_Rica,"417",bosque,8.735997,-82.928861
Costa_Rica,"418",bosque,8.709503,-82.954809
Costa_Rica,"419",bosque,8.965829,-82.793316
Costa_Rica,"420",bosque,8.933406,-82.771770
Costa_Rica,"421",bosque,8.870184,-82.857463
Costa_Rica,"422",bosque,8.886254,-82.847806
Costa_Rica,"423",bosque,8.900035,-82.833606
Costa_Rica,"424",bosque,8.891904,-82.896514
Costa_Rica,"425",bosque,8.874993,-82.837156
Panama,"426",bosque,8.842051,-82.779324
Panama,"427",bosque,8.823499,-82.756344
Panama,"428",bosque,8.855449,-82.708209
Panama,"429",bosque,8.858312,-82.690344
Panama,"430",bosque,8.808802,-82.736228
Panama,"431",bosque,8.809948,-82.702712
Panama,"432",bosque,8.827011,-82.680419
Panama,"433",bosque,8.842012,-82.677709
Panama,"434",bosque,8.825217,-82.670037
Panama,"435",bosque,8.836325,-82.667746
Panama,"436",bosque,8.829454,-82.654882
Panama,"437",bosque,8.775134,-82.694734
Panama,"438",bosque,8.756697,-82.693322
Panama,"439",bosque,8.769637,-82.625375
Panama,"440",bosque,8.764332,-82.600028
Panama,"441",bosque,8.775669,-82.596402
Panama,"442",bosque,8.785823,-82.601097
Panama,"443",bosque,8.777463,-82.572239
Panama,"444",bosque,8.762156,-82.579491
Panama,"445",bosque,8.746009,-82.572811
Panama,"446",bosque,8.792846,-82.599837
Panama,"447",bosque,8.731274,-82.635529
Panama,"448",bosque,8.718143,-82.574949
Panama,"449",bosque,8.705851,-82.555901
Panama,"450",bosque,8.740397,-82.561016
Panama,"451",bosque,8.755094,-82.530020
Panama,"452",bosque,8.692338,-82.482190
Panama,"453",bosque,8.716005,-82.482533
Panama,"454",bosque,8.706920,-82.511621
Panama,"455",bosque,8.702836,-82.458256
Panama,"456",bosque,8.688750,-82.444361
Panama,"457",bosque,8.710203,-82.432718
Panama,"458",bosque,8.771518,-82.335149
Panama,"459",bosque,8.849436,-82.398409
Panama,"460",bosque,8.886466,-82.374185
Panama,"461",bosque,8.905136,-82.421090
Panama,"462",bosque,8.915628,-82.473858
Panama,"463",bosque,8.909456,-82.301822
Panama,"464",bosque,8.817343,-82.272352
Panama,"465",bosque,8.771210,-82.297193
Panama,"466",bosque,8.737728,-82.264946
Panama,"467",bosque,8.767044,-82.249980
Panama,"468",bosque,8.697458,-82.238253
Panama,"469",bosque,8.760563,-82.226219
Panama,"470",bosque,8.935023,-82.497762
Panama,"471",bosque,8.965223,-82.540962
Panama,"472",bosque,8.976423,-82.589763
Panama,"473",bosque,8.968023,-82.695364
Panama,"474",bosque,9.017624,-82.678764
Panama,"475",bosque,9.066824,-82.601163
Panama,"476",bosque,9.042224,-82.513362
Panama,"477",bosque,9.077625,-82.674163
Panama,"478",bosque,9.045224,-82.736564
Panama,"479",bosque,9.089225,-82.687164
Panama,"480",bosque,9.095225,-82.786365
Panama,"481",bosque,9.137425,-82.739564
Panama,"482",bosque,9.146825,-82.612563
Panama,"483",bosque,9.146825,-82.532762
Panama,"484",bosque,9.170426,-82.720564
Panama,"485",bosque,9.195426,-82.635763
Panama,"486",bosque,9.155225,-82.581762
Panama,"487",bosque,9.273027,-82.646563
Panama,"488",bosque,9.237626,-82.725564
Panama,"489",bosque,9.197826,-82.781765
Panama,"490",bosque,9.265027,-82.784565
Panama,"491",bosque,9.350628,-82.767765
Panama,"492",bosque,9.316227,-82.699764
Panama,"493",bosque,9.264027,-82.818365
Panama,"494",bosque,9.292227,-82.854365
Panama,"495",bosque,9.259627,-82.881566
Panama,"496",bosque,9.216426,-82.887966
Panama,"497",bosque,9.197826,-82.912166
Costa_Rica,"498",bosque,9.218426,-82.962567
Panama,"499",bosque,9.238026,-82.907966
Panama,"500",bosque,9.296027,-82.882966
Panama,"501",bosque,9.328827,-82.856565
Panama,"502",bosque,9.336227,-82.822965
Panama,"503",bosque,9.369428,-82.820765
Panama,"504",bosque,9.368828,-82.930166
Panama,"505",bosque,9.424228,-82.813765
Panama,"506",bosque,9.410228,-82.763964
Panama,"507",bosque,9.427828,-82.907966
Costa_Rica,"508",bosque,9.444429,-82.943766
Costa_Rica,"509",bosque,9.402828,-82.939366
Costa_Rica,"510",bosque,9.377428,-82.965767
Costa_Rica,"511",bosque,9.366228,-83.004567
Costa_Rica,"512",bosque,9.407828,-83.004767
Costa_Rica,"513",bosque,9.442829,-83.005967
Costa_Rica,"514",bosque,9.392628,-83.046768
Costa_Rica,"515",bosque,9.376828,-83.074768
Costa_Rica,"516",bosque,9.346828,-83.099768
Costa_Rica,"517",bosque,9.318027,-83.114968
Costa_Rica,"518",bosque,9.396628,-83.118768
Costa_Rica,"519",bosque,9.406628,-83.076168
Costa_Rica,"520",bosque,9.417028,-83.094768
Costa_Rica,"521",bosque,9.457629,-83.062968
Costa_Rica,"522",bosque,9.486829,-83.067168
Costa_Rica,"523",bosque,9.474429,-83.119768
Costa_Rica,"524",bosque,9.366828,-83.228170
Costa_Rica,"525",bosque,9.419628,-83.235370
Costa_Rica,"526",bosque,9.478829,-83.326971
Costa_Rica,"527",bosque,9.494229,-83.387571
Costa_Rica,"528",bosque,9.524029,-83.291970
Costa_Rica,"529",bosque,9.567830,-83.347771
Costa_Rica,"530",bosque,9.514429,-83.181769
Costa_Rica,"531",bosque,9.558030,-83.141169
Costa_Rica,"532",bosque,9.529430,-83.096368
Costa_Rica,"533",bosque,9.632631,-83.192369
Costa_Rica,"534",bosque,9.645831,-83.130168
Costa_Rica,"535",bosque,9.634431,-83.273970
Costa_Rica,"536",bosque,9.630231,-83.384771
Costa_Rica,"537",bosque,9.603730,-83.479172
Costa_Rica,"538",bosque,9.667131,-83.531373
Costa_Rica,"539",bosque,9.674931,-83.629974
Costa_Rica,"540",bosque,9.742332,-83.580973
Costa_Rica,"541",bosque,9.772332,-83.440172
Costa_Rica,"542",bosque,9.717332,-83.318971
Costa_Rica,"543",bosque,9.726932,-83.232770
Costa_Rica,"544",bosque,9.778932,-83.153369
Costa_Rica,"545",bosque,9.769332,-83.704775
Costa_Rica,"546",bosque,9.802133,-83.663374
Costa_Rica,"547",bosque,9.728532,-83.726375
Costa_Rica,"548",bosque,9.731732,-83.770376
Costa_Rica,"549",bosque,9.743532,-83.798776
Costa_Rica,"550",bosque,9.797132,-83.494373
Costa_Rica,"551",bosque,9.872333,-83.436372
Costa_Rica,"552",bosque,9.873533,-83.348971
Costa_Rica,"553",bosque,9.939134,-83.394171
Panama,"554",bosque,8.678484,-82.198090
Panama,"555",bosque,8.640574,-82.154460
Panama,"556",bosque,8.739051,-82.136514
Panama,"557",bosque,8.762156,-82.161077
Panama,"558",bosque,8.625208,-82.209643
Panama,"559",bosque,8.636088,-82.136963
Panama,"560",bosque,8.598626,-82.105221
Panama,"561",bosque,8.763166,-82.023007
Panama,"562",bosque,8.723910,-82.222205
Panama,"563",bosque,8.655267,-81.990144
Panama,"564",bosque,8.666932,-81.967376
Panama,"565",bosque,8.628012,-82.009548
Panama,"566",bosque,8.625208,-81.984648
Panama,"567",bosque,8.622516,-81.945953
Panama,"568",bosque,8.604683,-81.931148
Panama,"569",bosque,8.601991,-81.903893
Panama,"570",bosque,8.576418,-81.901313
Panama,"571",bosque,8.567557,-81.852635
Panama,"572",bosque,8.543333,-81.677206
Panama,"573",bosque,8.548345,-81.645903
Panama,"574",bosque,8.548674,-81.633251
Panama,"575",bosque,8.553850,-81.617969
Panama,"576",bosque,8.526326,-81.631032
Panama,"577",bosque,8.520329,-81.562593
Panama,"578",bosque,8.586714,-81.542547
Panama,"579",bosque,8.578416,-81.492840
Panama,"580",bosque,8.464791,-81.582733
Panama,"581",bosque,8.471540,-81.574544
Panama,"582",bosque,8.483172,-81.568335
Panama,"583",bosque,8.487986,-81.576839
Panama,"584",bosque,8.496108,-81.571732
Panama,"585",bosque,8.700064,-81.726238
Panama,"586",bosque,8.737815,-81.678736
Panama,"587",bosque,8.743651,-81.665512
Panama,"588",bosque,8.732865,-81.653544
Panama,"589",bosque,8.701764,-81.640986
Panama,"590",bosque,8.658916,-81.615868
Panama,"591",bosque,8.662683,-81.577009
Panama,"592",bosque,8.668076,-81.542731
Panama,"593",bosque,8.645692,-81.531871
Panama,"594",bosque,8.634537,-81.491165
Panama,"595",bosque,8.588955,-81.506162
Panama,"596",bosque,8.543374,-81.444549
Panama,"597",bosque,8.550909,-81.455705
Panama,"598",bosque,8.602918,-81.445658
Panama,"599",bosque,8.541601,-81.409680
Panama,"600",bosque,8.533917,-81.390251
Panama,"601",bosque,8.548840,-81.364616
Panama,"602",bosque,8.595013,-81.428371
Panama,"603",bosque,8.565906,-81.353534
Panama,"604",bosque,8.554307,-81.336764
Panama,"605",bosque,8.542044,-81.314676
Panama,"606",bosque,8.529116,-81.307805
Panama,"607",bosque,8.514340,-81.320364
Panama,"608",bosque,8.500008,-81.323467
Panama,"609",bosque,8.502299,-81.306919
Panama,"610",bosque,8.515892,-81.295616
Panama,"611",bosque,8.503259,-81.291552
Panama,"612",bosque,8.501708,-81.274265
Panama,"613",bosque,8.573146,-81.286898
Panama,"614",bosque,8.585557,-81.289853
Panama,"615",bosque,8.600184,-81.313124
Panama,"616",bosque,8.584449,-81.270424
Panama,"617",bosque,8.565832,-81.270350
Panama,"618",bosque,8.562803,-81.229718
Panama,"619",bosque,8.538276,-81.265474
Panama,"620",bosque,8.507692,-81.260598
Panama,"621",bosque,8.499048,-81.237549
Panama,"622",bosque,8.489075,-81.212875
Panama,"623",bosque,8.521654,-81.207334
Panama,"624",bosque,8.518256,-81.186796
Panama,"625",bosque,8.489296,-81.183472
Panama,"626",bosque,8.480653,-81.166407
Panama,"627",bosque,8.487228,-81.142545
Panama,"628",bosque,8.483608,-81.115284
Panama,"629",bosque,8.489296,-81.100288
Panama,"630",bosque,8.534213,-81.166702
Panama,"631",bosque,8.553051,-81.151484
Panama,"632",bosque,8.569009,-81.162639
Panama,"633",bosque,8.564354,-81.114546
Panama,"634",bosque,8.579203,-81.128804
Panama,"635",bosque,8.600849,-81.076204
Panama,"636",bosque,8.588290,-81.062980
Panama,"637",bosque,8.628553,-81.088615
Panama,"638",bosque,8.569627,-81.028125
Panama,"639",bosque,8.555684,-81.032222
Panama,"640",bosque,8.556578,-81.038747
Panama,"641",bosque,8.563277,-81.024765
Panama,"642",bosque,8.553238,-81.020357
Panama,"643",bosque,8.530712,-81.016823
Panama,"644",bosque,8.530071,-81.009347
Panama,"645",bosque,8.527955,-80.995929
Panama,"646",bosque,8.543548,-80.996065
Panama,"647",bosque,8.536188,-80.996550
Panama,"648",bosque,8.546150,-80.985404
Panama,"649",bosque,8.514052,-80.992200
Panama,"650",bosque,8.512996,-80.989754
Panama,"651",bosque,8.519613,-80.982960
Panama,"652",bosque,8.506290,-81.006984
Panama,"653",bosque,8.504530,-80.990880
Panama,"654",bosque,8.452357,-81.017017
Panama,"655",bosque,8.468720,-80.994089
Costa_Rica,"656",bosque,10.693793,-85.098558
Panama,"657",bosque,8.485929,-80.966841
Panama,"658",bosque,8.472389,-80.968989
Panama,"659",bosque,8.590744,-80.936693
Panama,"660",bosque,8.559967,-80.914889
Panama,"661",bosque,8.571415,-80.931725
Panama,"662",bosque,8.578019,-80.903691
Panama,"663",bosque,8.545990,-80.810278
Panama,"664",bosque,8.533376,-80.793834
Panama,"665",bosque,8.554212,-80.821637
Panama,"666",bosque,8.572868,-80.795386
Panama,"667",bosque,8.543629,-80.779933
Panama,"668",bosque,8.561625,-80.769432
Panama,"669",bosque,8.572951,-80.769465
Panama,"670",bosque,8.561295,-80.764413
Panama,"671",bosque,8.546072,-80.768442
Panama,"672",bosque,8.549077,-80.760814
Panama,"673",bosque,8.559115,-80.758998
Panama,"674",bosque,8.570441,-80.752889
Panama,"675",bosque,8.579951,-80.753847
Panama,"676",bosque,8.577904,-80.761937
Panama,"677",bosque,8.579323,-80.746219
Panama,"678",bosque,8.534714,-80.758107
Panama,"679",bosque,8.536067,-80.745460
Panama,"680",bosque,8.542638,-80.737172
Panama,"681",bosque,8.549738,-80.733738
Panama,"682",bosque,8.548252,-80.728257
Panama,"683",bosque,8.549606,-80.722049
Panama,"684",bosque,8.528440,-80.755861
Panama,"685",bosque,8.559313,-80.739318
Panama,"686",bosque,8.546997,-80.701511
Panama,"687",bosque,8.548326,-80.681442
Panama,"688",bosque,8.534027,-80.674752
Panama,"689",bosque,8.550982,-80.670638
Panama,"690",bosque,8.614233,-80.693520
Panama,"691",bosque,8.614794,-80.680084
Panama,"692",bosque,8.629260,-80.674186
Panama,"693",bosque,8.638763,-80.671330
Panama,"694",bosque,8.638997,-80.651809
Panama,"695",bosque,8.634690,-80.639731
Panama,"696",bosque,8.633380,-80.629900
Panama,"697",bosque,8.643772,-80.630976
Panama,"698",bosque,8.648969,-80.621286
Panama,"699",bosque,8.664886,-80.608506
Panama,"700",bosque,8.673687,-80.652277
Panama,"701",bosque,8.669895,-80.602373
Panama,"702",bosque,8.638619,-80.733840
Panama,"703",bosque,8.646291,-80.736212
Panama,"704",bosque,8.651369,-80.745922
Panama,"705",bosque,8.641251,-80.753594
Panama,"706",bosque,8.651554,-80.764008
Panama,"707",bosque,8.659522,-80.765046
Panama,"708",bosque,8.673198,-80.773755
Panama,"709",bosque,8.678831,-80.779722
Panama,"710",bosque,8.654889,-80.799809
Panama,"711",bosque,8.635988,-80.783539
Panama,"712",bosque,8.685576,-80.796955
Panama,"713",bosque,8.474023,-80.853789
Panama,"714",bosque,8.483271,-80.859927
Panama,"715",bosque,8.490522,-80.848121
Costa_Rica,"716",bosque,8.975354,-83.013603
Panama,"717",bosque,8.479215,-80.837566
Panama,"718",bosque,8.448327,-80.841628
Costa_Rica,"719",bosque,10.293291,-84.627724
Costa_Rica,"720",bosque,10.290525,-84.623971
Panama,"721",bosque,8.468028,-80.817747
Panama,"722",bosque,8.471063,-80.797695
Panama,"723",bosque,7.561680,-77.939367
Panama,"724",bosque,7.614050,-77.949749
Panama,"725",bosque,7.535495,-77.882499
Panama,"726",bosque,7.506427,-77.912260
Panama,"727",bosque,7.655230,-78.016883
Panama,"728",bosque,7.732120,-78.218934
Panama,"729",bosque,7.777004,-78.168175
Panama,"730",bosque,7.738857,-78.142639
Panama,"731",bosque,7.718960,-78.145067
Panama,"732",bosque,7.728752,-78.109426
Panama,"733",bosque,7.687001,-78.139349
Panama,"734",bosque,7.761416,-78.246429
Panama,"735",bosque,7.656843,-78.100653
Panama,"736",bosque,7.729928,-77.736047
Panama,"737",bosque,7.874833,-77.683542
Panama,"738",bosque,7.781975,-77.697299
Panama,"739",bosque,7.792980,-77.617509
Panama,"740",bosque,7.663208,-77.640208
Panama,"741",bosque,7.560949,-77.613382
Panama,"742",bosque,7.603824,-77.533822
Panama,"743",bosque,7.530225,-77.514792
Panama,"744",bosque,8.452043,-77.479912
Panama,"745",bosque,8.470165,-77.396411
Panama,"746",bosque,8.386664,-77.422618
Panama,"747",bosque,8.345262,-77.380938
Panama,"748",bosque,8.313479,-77.303849
Panama,"749",bosque,8.290478,-77.329499
Panama,"750",bosque,8.423327,-77.422758
Panama,"751",bosque,8.179921,-77.340787
Panama,"752",bosque,8.105643,-77.334461
Panama,"753",bosque,8.129179,-77.312696
Panama,"754",bosque,8.123738,-77.279163
Panama,"755",bosque,8.075400,-77.270812
Panama,"756",bosque,8.115006,-77.206024
Panama,"757",bosque,8.183464,-77.271571
Panama,"758",bosque,8.212188,-77.290678
Panama,"759",bosque,8.222564,-77.244365
Panama,"760",bosque,8.039083,-77.240442
Panama,"761",bosque,8.062999,-77.316998
Panama,"762",bosque,8.553941,-77.536961
Panama,"763",bosque,8.623436,-77.578969
Panama,"764",bosque,8.580045,-77.488643
